5fda3ad9a2d3488f806913ef1fdd68e2b0cb71138f2c44b89afcc6815df2aacb	.github/workflows/deploy-pages.yml
946641fecf216da5179741fe3c219076617c2f189d113789346a1a9fe9071e02	.gitignore
e3b0c44298fc1c149afbf4c8996fb92427ae41e4649b934ca495991b7852b855	.nojekyll
178c9503b88991c2d44e9d12bb35a5dfa357a16ad1f9ac6382e4ea8808bafe50	404.html
d7e1968c9f989f4b833270ab90ecb6e3ddbc5d4721e8a994e0e35c0b068395ba	PUBLIC_DATA_CONTRACT.md
116bf9e912f7f52ff73158014c2d20c1597095b92430a46af42d695b74c8c6ea	PUBLIC_RELEASE_MANIFEST.json
d3f1645e2037eb90915a028b4905da9e7bddfbd77c581e9c3b9dffc89029f0fd	README.md
f7089dcf4c88652350de400cdfc74af210b3f0b7a47922bfcf3bbd3e66a83388	about.html
674458acdcb21fb69542e544db2478a1772d3b77625f79d853987810bc077e83	app.js
87cac33d36ba163b8a73e0d20ddfdbbc65531d3dad292203219333cd67fbae65	common.js
2872c303529697da098dbdb7f3383b213a3bbf2943319f2158959408e2948b35	config.js
11ef5dd237e96765a4b9746a680b02d5a2f87f50859ca777e8c3332bda09e8f3	data/dupb-verbal-explorer.json
93ef408344116af325e2d1810a4e9a2b8b7e418075088715af2789401aa0487c	data/dupb-verbal-explorer.jsonl
4cb5f168b0ac5ea3136202d179d30f705b2ce7edef2d2eb38319cbfa3b8babc6	data/entries.js
e16201cac5c448faa40ec518fec4c0623c3eb2ecb33f0b42a2f67608a8db9e08	data/metadata.json
9341e08e1010abe85d08280b3096a56c7310ada0d98f71b87e4fb1195370af8c	data/release-info.js
c43f4318856f0b548e0e25ffe8a5240f28953908073bdb7b2e26ee1baadef2bd	data/release-info.json
65174ab2b2501771cc3c6f556a2f3daacba7c132ca25e6f3aebee11dbda09f26	download.html
bd01c9d6337a75acfc73211af57ca4468f5600342dc23edb1a1f78355c630f64	favicon.svg
42cfa242912abe68e2309e6846307a592211b837306eec33688fd01f3aab0d4e	index.html
bc631d4b2d770adfaccfaa255af2cf8af825797e7c0aaf53806370c443c59c45	resource-nav.js
1a5f28c96e19e02c0a33dfa3be014c2ee145bf20547207aaf3fadd72e3f9c0d1	resource.css
66c74d28ad910ef8da5484b96deac5c90d409e0ce1836a4620cdb509ed93dca0	stats.html
013430e5b8f83d53ee2cbe82f3e9eff983118e8ad8af07600857806e958f2127	stats.js
f1a136af65677aa113a0d19da3acbee4e1b77c5629a029203fc62380b7f2846a	styles.css
c550e7f60192d2ce4667ce9314f38e0ca0343a78c2399e9520ae425f7a8a1635	theme.js
